{
    "train_loss": {
        "0": 6.434800226976917,
        "1": 3.903686073934956,
        "2": 2.1485179814563433,
        "3": 1.2063222307308463,
        "4": 0.8839560196657849,
        "5": 0.7441392601675288,
        "6": 0.6677366889965762,
        "7": 0.6077876301707735,
        "8": 0.5578480454007532,
        "9": 0.5132000163482253,
        "10": 0.4785692217243705,
        "11": 0.45056848787957693,
        "12": 0.4200747388942986,
        "13": 0.39571399502693466,
        "14": 0.36962802356975094,
        "15": 0.35249773408197294,
        "16": 0.33452922922031136,
        "17": 0.31840788853016627,
        "18": 0.3078049451682218,
        "19": 0.29122252724352915,
        "20": 0.27863249932504763,
        "21": 0.2683459090389264,
        "22": 0.256912041621603,
        "23": 0.24844981056110116,
        "24": 0.23794673772374536,
        "25": 0.23198726251246823,
        "26": 0.22124643272655026,
        "27": 0.2137964523521958,
        "28": 0.20601870774463482,
        "29": 0.19706886209500063,
        "30": 0.18702789770949418,
        "31": 0.17989477401326417,
        "32": 0.17101464045655196,
        "33": 0.16406657556249837,
        "34": 0.15556778583177336,
        "35": 0.15013995500886515,
        "36": 0.1415963943122299,
        "37": 0.13494194427113623,
        "38": 0.12841159280887834,
        "39": 0.12026494366537993,
        "40": 0.11357154350751525,
        "41": 0.10513758849186502,
        "42": 0.09927393870938356,
        "43": 0.0908296259630258,
        "44": 0.08354155576912461,
        "45": 0.07627203391425928,
        "46": 0.06927954887223851,
        "47": 0.06380340250529301,
        "48": 0.057399289955379094,
        "49": 0.05212710529660723
    },
    "test_accuracy": {
        "0": 0.7916959518438326,
        "1": 0.795388718216136,
        "2": 0.8010780723929579,
        "3": 0.8194937254146214,
        "4": 0.8341259224830807,
        "5": 0.8435548048473581,
        "6": 0.848568238241529,
        "7": 0.8574926598120458,
        "8": 0.8653996576468321,
        "9": 0.8716558217042839,
        "10": 0.8771963882874406,
        "11": 0.8819575912847313,
        "12": 0.889200004534479,
        "13": 0.8943990681645563,
        "14": 0.8985282781449446,
        "15": 0.901764762563341,
        "16": 0.9053895117499688,
        "17": 0.9106849330597531,
        "18": 0.9133446884246086,
        "19": 0.9165585004477798,
        "20": 0.9194095541473479,
        "21": 0.9227934091347081,
        "22": 0.9254389942525478,
        "23": 0.9281951072971104,
        "24": 0.9306578962284471,
        "25": 0.9314755194812556,
        "26": 0.933489111582193,
        "27": 0.9352093795699047,
        "28": 0.9375092106605603,
        "29": 0.9399734166165985,
        "30": 0.9402908301497511,
        "31": 0.9439410857810073,
        "32": 0.9466107603187739,
        "33": 0.9492492603131057,
        "34": 0.9513549590196456,
        "35": 0.9558752678176686,
        "36": 0.9579582941289833,
        "37": 0.9603870744674822,
        "38": 0.9645928037817555,
        "39": 0.9690989423327627,
        "40": 0.9746749345334588,
        "41": 0.9772085746998742,
        "42": 0.981079886184576,
        "43": 0.9847117204947117,
        "44": 0.9869095258068539,
        "45": 0.9895494428258873,
        "46": 0.9917019033475791,
        "47": 0.9926541439470373,
        "48": 0.9940725856733135,
        "49": 0.9949327196671692
    },
    "test_loss": {
        "0": 4.933483081258786,
        "1": 2.880464998779783,
        "2": 1.6326970477013072,
        "3": 1.2464305557263125,
        "4": 1.0972301599326406,
        "5": 0.998855970088084,
        "6": 0.9178040012432511,
        "7": 0.8508359979672037,
        "8": 0.7835140805335561,
        "9": 0.7306907256697394,
        "10": 0.6837972774627102,
        "11": 0.6379293689302578,
        "12": 0.5938066631365734,
        "13": 0.5581112486921298,
        "14": 0.5241725404930723,
        "15": 0.4953470138987158,
        "16": 0.469483555502193,
        "17": 0.441525102420977,
        "18": 0.41879576672414304,
        "19": 0.39765214388537556,
        "20": 0.37922823144372103,
        "21": 0.3651563314495573,
        "22": 0.34595923457935357,
        "23": 0.332120795538471,
        "24": 0.31747142543458634,
        "25": 0.30460361927557905,
        "26": 0.2895403278481429,
        "27": 0.2754585135514569,
        "28": 0.2614031140781512,
        "29": 0.24792163671961256,
        "30": 0.23552906200004992,
        "31": 0.22053430310100508,
        "32": 0.20783251239235995,
        "33": 0.19702594883882316,
        "34": 0.18488555496475498,
        "35": 0.17323894542493637,
        "36": 0.16196224819512883,
        "37": 0.15129709172590522,
        "38": 0.14060344086710813,
        "39": 0.12750156394615295,
        "40": 0.11511346916104578,
        "41": 0.10326819321152511,
        "42": 0.09180458858134641,
        "43": 0.08065136417651632,
        "44": 0.07174276183270345,
        "45": 0.06020805174425529,
        "46": 0.05119214437095223,
        "47": 0.04517164710126105,
        "48": 0.03738846918152776,
        "49": 0.03313137646052678
    },
    "valid_smiles_percentage": {
        "0": 1.0,
        "1": 1.0,
        "2": 1.0,
        "3": 0.5878,
        "4": 0.0008,
        "5": 0.0008,
        "6": 0.0008,
        "7": 0.0772,
        "8": 0.0764,
        "9": 0.0848,
        "10": 0.0264,
        "11": 0.027,
        "12": 0.0368,
        "13": 0.0732,
        "14": 0.066,
        "15": 0.0796,
        "16": 0.049,
        "17": 0.0448,
        "18": 0.0346,
        "19": 0.033,
        "20": 0.0466,
        "21": 0.0406,
        "22": 0.0408,
        "23": 0.0424,
        "24": 0.0388,
        "25": 0.0418,
        "26": 0.0472,
        "27": 0.0522,
        "28": 0.0662,
        "29": 0.0742,
        "30": 0.1034,
        "31": 0.11,
        "32": 0.1316,
        "33": 0.1652,
        "34": 0.1916,
        "35": 0.2556,
        "36": 0.2714,
        "37": 0.324,
        "38": 0.3392,
        "39": 0.3986,
        "40": 0.4526,
        "41": 0.5732,
        "42": 0.6142,
        "43": 0.6352,
        "44": 0.7002,
        "45": 0.7476,
        "46": 0.7554,
        "47": 0.837,
        "48": 0.8416,
        "49": 0.8784
    },
    "tanimoto_similarity": {
        "0": 0.16606178590936121,
        "1": 0.16606178590936121,
        "2": 0.1818641515805919,
        "3": 0.1907021565173939,
        "4": 0.09108419652593325,
        "5": 0.11872620717291124,
        "6": 0.14552266081871346,
        "7": 0.323906315433222,
        "8": 0.38366762972704316,
        "9": 0.536002930526424,
        "10": 0.40314917896627217,
        "11": 0.4350445138261255,
        "12": 0.43470675993076785,
        "13": 0.4050860587897748,
        "14": 0.3914173784281117,
        "15": 0.3788745092963491,
        "16": 0.4544597516831677,
        "17": 0.4463575750993337,
        "18": 0.44263656749616104,
        "19": 0.48785812935847817,
        "20": 0.5331462232356328,
        "21": 0.581718973445329,
        "22": 0.6282005970372989,
        "23": 0.6410218612669459,
        "24": 0.6906963753659358,
        "25": 0.7073888735365814,
        "26": 0.753084246795455,
        "27": 0.7701734243648675,
        "28": 0.776601156810306,
        "29": 0.798568614469019,
        "30": 0.8203633605659485,
        "31": 0.8200738908367425,
        "32": 0.8604814183204015,
        "33": 0.8667585477961138,
        "34": 0.8623812452437173,
        "35": 0.8921049433497802,
        "36": 0.8975067583644758,
        "37": 0.9030343029762338,
        "38": 0.9245816310043611,
        "39": 0.9412192046035958,
        "40": 0.9606265391634587,
        "41": 0.9639321491908389,
        "42": 0.9704245889076141,
        "43": 0.9755661838935311,
        "44": 0.9803162017045851,
        "45": 0.9828081051432558,
        "46": 0.9884561486908081,
        "47": 0.9864214597824484,
        "48": 0.990524348247324,