{
    "train_loss": {
        "0": 1.048519862685234,
        "1": 0.5738072649688478,
        "2": 0.50820915201667,
        "3": 0.4745899110463015,
        "4": 0.44379348189208156,
        "5": 0.42422162575326905,
        "6": 0.39702659105039706,
        "7": 0.36858247173060277,
        "8": 0.3346842161978886,
        "9": 0.3082142477961862,
        "10": 0.2676612381722517,
        "11": 0.18852568042885726,
        "12": 0.10353222745619002,
        "13": 0.0634503152434993,
        "14": 0.04868309384888145,
        "15": 0.03928873957294947,
        "16": 0.03212954988999731,
        "17": 0.0273404677938314,
        "18": 0.022881908502405995,
        "19": 0.019877108324105573,
        "20": 0.017094834399213835,
        "21": 0.013832711445606627,
        "22": 0.011530502844649326,
        "23": 0.009742976421383536,
        "24": 0.00848847515673442,
        "25": 0.00747381220423397,
        "26": 0.006651289633528632,
        "27": 0.00616955094834327,
        "28": 0.005546979153095774,
        "29": 0.004979622866187221,
        "30": 0.0047940202709880605,
        "31": 0.004500388743943137,
        "32": 0.004147058036949509,
        "33": 0.004180789236305578,
        "34": 0.0038875073586015184,
        "35": 0.0035522177379435985,
        "36": 0.003244400473762375,
        "37": 0.0033653239036649228,
        "38": 0.0034020952635687913,
        "39": 0.0031398766363413327,
        "40": 0.0027993990276691024,
        "41": 0.0028280070089367307,
        "42": 0.002630921152633894,
        "43": 0.0024702911151003593,
        "44": 0.0025217169791958323,
        "45": 0.0024891585029311668,
        "46": 0.002381484931450527,
        "47": 0.0021728135798879823,
        "48": 0.002256805744729521,
        "49": 0.0022796185410605256
    },
    "test_accuracy": {
        "0": 0.8105763889676125,
        "1": 0.8263733803407661,
        "2": 0.8361763572262592,
        "3": 0.8461720494711664,
        "4": 0.8494340403341911,
        "5": 0.8533903733009874,
        "6": 0.8634668359538843,
        "7": 0.8765984038633762,
        "8": 0.8896052735991293,
        "9": 0.9015111151417592,
        "10": 0.9345292077131488,
        "11": 0.9749285819550406,
        "12": 0.9935185290149978,
        "13": 0.9961074331447746,
        "14": 0.998187625406686,
        "15": 0.9988848015598608,
        "16": 0.9992277215376418,
        "17": 0.9994416922675796,
        "18": 0.9994983732556426,
        "19": 0.9995423010213914,
        "20": 0.9995692244907213,
        "21": 0.9995763096142292,
        "22": 0.9995819777130355,
        "23": 0.9995989820094544,
        "24": 0.9996174033305748,
        "25": 0.99966699919513,
        "26": 0.9996896715903552,
        "27": 0.9997109269608788,
        "28": 0.9997293482819992,
        "29": 0.9997506036525229,
        "30": 0.9997690249736434,
        "31": 0.9997704419983449,
        "32": 0.9997690249736434,
        "33": 0.9997874462947638,
        "34": 0.9998030335664811,
        "35": 0.9998072846405859,
        "36": 0.9998455443075284,
        "37": 0.9998285400111094,
        "38": 0.9998710507521568,
        "39": 0.9998639656286489,
        "40": 0.9998696337274552,
        "41": 0.9998682167027536,
        "42": 0.9998625486039473,
        "43": 0.999876718850963,
        "44": 0.9999093104190993,
        "45": 0.999896557196785,
        "46": 0.9999220636414134,
        "47": 0.9999376509131307,
        "48": 0.9999206466167119,
        "49": 0.9999291487649212
    },
    "test_loss": {
        "0": 0.8771671109898075,
        "1": 0.7790400879398273,
        "2": 0.7343039356978835,
        "3": 0.6923760566741798,
        "4": 0.6598762649639397,
        "5": 0.6237103513851288,
        "6": 0.5775098045160816,
        "7": 0.5221277729720827,
        "8": 0.4665422316189784,
        "9": 0.4128431127329541,
        "10": 0.2952177823538993,
        "11": 0.1376739459432614,
        "12": 0.04575287104602073,
        "13": 0.026551798163990305,
        "14": 0.017130986971270506,
        "15": 0.011336536526347802,
        "16": 0.008740030098587844,
        "17": 0.006492245275005223,
        "18": 0.005599853659796108,
        "19": 0.004904221381493814,
        "20": 0.004288391174546853,
        "21": 0.0038244421675409767,
        "22": 0.0035737665795727044,
        "23": 0.0031667273079347647,
        "24": 0.0029948381173193076,
        "25": 0.0027410391040419224,
        "26": 0.0025530801659633825,
        "27": 0.0022593685525920315,
        "28": 0.002017801220804619,
        "29": 0.0019229409124725944,
        "30": 0.0017774934275372393,
        "31": 0.001636423318124833,
        "32": 0.001655415962539186,
        "33": 0.00144457203376101,
        "34": 0.0013215570198223706,
        "35": 0.0012300300434495732,
        "36": 0.0010887621230872906,
        "37": 0.0010850592463530872,
        "38": 0.0009349561020195081,
        "39": 0.0009379804183122447,
        "40": 0.0008568870289077698,
        "41": 0.0008200839297011032,
        "42": 0.0008338341954910155,
        "43": 0.0007652189211558793,
        "44": 0.0005649650527073877,
        "45": 0.000654194077058283,
        "46": 0.000500801062238459,
        "47": 0.0004550801710300533,
        "48": 0.00046558857059950055,
        "49": 0.0004145633170691135
    },
    "valid_smiles_percentage": {
        "0": 0.0002,
        "1": 0.0,
        "2": 0.0,
        "3": 0.0,
        "4": 0.0,
        "5": 0.0,
        "6": 0.0,
        "7": 0.0,
        "8": 0.0,
        "9": 0.0,
        "10": 0.0,
        "11": 0.0,
        "12": 0.0,
        "13": 0.0,
        "14": 0.0,
        "15": 0.0,
        "16": 0.0,
        "17": 0.0,
        "18": 0.0,
        "19": 0.0,
        "20": 0.0,
        "21": 0.0,
        "22": 0.0,
        "23": 0.0,
        "24": 0.0,
        "25": 0.0,
        "26": 0.0,
        "27": 0.0,
        "28": 0.0,
        "29": 0.0,
        "30": 0.0,
        "31": 0.0,
        "32": 0.0,
        "33": 0.0,
        "34": 0.0,
        "35": 0.0,
        "36": 0.0,
        "37": 0.0,
        "38": 0.0,
        "39": 0.0,
        "40": 0.0,
        "41": 0.0,
        "42": 0.0,
        "43": 0.0,
        "44": 0.0,
        "45": 0.0,
        "46": 0.0,
        "47": 0.0,
        "48": 0.0,
        "49": 0.0
    },
    "tanimoto_similarity": {
        "0": 0.0,
        "1": 0.0,
        "2": 0.0,
        "3": 0.0,
        "4": 0.0,
        "5": 0.0,
        "6": 0.0,
        "7": 0.0,
        "8": 0.0,
        "9": 0.0,
        "10": 0.0,
        "11": 0.0,
        "12": 0.0,
        "13": 0.0,
        "14": 0.0,
        "15": 0.0,
        "16": 0.0,
        "17": 0.0,
        "18": 0.0,
        "19": 0.0,
        "20": 0.0,
        "21": 0.0,
        "22": 0.0,
        "23": 0.0,
        "24": 0.0,
        "25": 0.0,
        "26": 0.0,
        "27": 0.0,
        "28": 0.0,
        "29": 0.0,
        "30": 0.0,
        "31": 0.0,
        "32": 0.0,
        "33": 0.0,
        "34": 0.0,
        "35": 0.0,
        "36": 0.0,
        "37": 0.0,
        "38": 0.0,
        "39": 0.0,
        "40": 0.0,
        "41": 0.0,
        "42": 0.0,
        "43": 0.0,
        "44": 0.0,
        "45": 0.0,
        "46": 0.0,
        "47": 0.0,
        "48": 0.0,
        "49": 0.0
    },
    "dice_similarity": {
        "0": 0.0,
        "1": 0.0,
        "2": 0.0,
        "3": 0.0,
        "4": 0.0,
        "5": 0.0,
        "6": 0.0,
        "7": 0.0,
        "8": 0.0,
        "9": 0.0,
        "10": 0.0,
        "11": 0.0,
        "12": 0.0,
        "13": 0.0,
        "14": 0.0,
        "15": 0.0,
        "16": 0.0,
        "17": 0.0,
        "18": 0.0,
        "19": 0.0,
        "20": 0.0,
        "21": 0.0,
        "22": 0.0,
        "23": 0.0,
        "24": 0.0,
        "25": 0.0,
        "26": 0.0,
        "27": 0.0,
        "28": 0.0,
        "29": 0.0,
        "30": 0.0,
        "31": 0.0,
        "32": 0.0,
        "33": 0.0,
        "34": 0.0,
        "35": 0.0,
        "36": 0.0,