{
    "train_loss": {
        "0": 1.4576635288584763,
        "1": 0.8043439809683781,
        "2": 0.6638169095015071,
        "3": 0.593753238772131,
        "4": 0.5457595358988282,
        "5": 0.5045675287960442,
        "6": 0.46626617593370423,
        "7": 0.4397854432938205,
        "8": 0.41579562064948355,
        "9": 0.39132987902422617,
        "10": 0.3712155319702853,
        "11": 0.3500152148638561,
        "12": 0.3320502010500355,
        "13": 0.31649395434340094,
        "14": 0.2993641376115714,
        "15": 0.28638444432787075,
        "16": 0.27426148267688266,
        "17": 0.26216709091784846,
        "18": 0.24844671007554242,
        "19": 0.23506704551778781,
        "20": 0.22166959106162853,
        "21": 0.20019053909808968,
        "22": 0.14815161704637442,
        "23": 0.09405436618312908,
        "24": 0.062286003474976606,
        "25": 0.04765556112026713,
        "26": 0.039365937921461785,
        "27": 0.033613685554095135,
        "28": 0.030491322261180467,
        "29": 0.026531768642413387,
        "30": 0.024983354571281344,
        "31": 0.022710788039977003,
        "32": 0.02107747514868618,
        "33": 0.019528233214833175,
        "34": 0.01795460721537186,
        "35": 0.01737101290042803,
        "36": 0.015842662169153143,
        "37": 0.01487927503029632,
        "38": 0.01389993478063565,
        "39": 0.012991721329581776,
        "40": 0.012288113836507509,
        "41": 0.011091718726026215,
        "42": 0.010627429870069977,
        "43": 0.00986391209825209,
        "44": 0.009299623696904654,
        "45": 0.009026474767263717,
        "46": 0.007983120960616477,
        "47": 0.007540960134760399,
        "48": 0.0067953516456304465,
        "49": 0.006383505618721722
    },
    "test_accuracy": {
        "0": 0.8008726038112296,
        "1": 0.834844354006779,
        "2": 0.8500461950052713,
        "3": 0.8597400609887431,
        "4": 0.8674926031310578,
        "5": 0.874553637219004,
        "6": 0.8779700837745004,
        "7": 0.8830331130332264,
        "8": 0.8900218788613923,
        "9": 0.8940221395939374,
        "10": 0.8975462800267534,
        "11": 0.9016542346366182,
        "12": 0.9044401051999138,
        "13": 0.9078112069649598,
        "14": 0.9117604548082482,
        "15": 0.9123754435287316,
        "16": 0.9159789373448358,
        "17": 0.9222195141305704,
        "18": 0.9251400020405156,
        "19": 0.9281738519265867,
        "20": 0.934598641923526,
        "21": 0.9505770124584811,
        "22": 0.9807327151326902,
        "23": 0.9908190969584982,
        "24": 0.9945841315905819,
        "25": 0.995859453821999,
        "26": 0.9968952988788501,
        "27": 0.9973799213267885,
        "28": 0.9976817475882239,
        "29": 0.9978801310464444,
        "30": 0.9981819573078798,
        "31": 0.9985518007549907,
        "32": 0.9987303458673892,
        "33": 0.9988267035470962,
        "34": 0.9989712400666568,
        "35": 0.9990888531168876,
        "36": 0.9991710405495788,
        "37": 0.9992418917846576,
        "38": 0.9993084919456316,
        "39": 0.9993368324396631,
        "40": 0.9994176028476528,
        "41": 0.9994686157369095,
        "42": 0.999496956230941,
        "43": 0.999553637219004,
        "44": 0.9995819777130355,
        "45": 0.9995593053178103,
        "46": 0.9996089011823655,
        "47": 0.9996443267999048,
        "48": 0.9996712502692346,
        "49": 0.9996783353927425
    },
    "test_loss": {
        "0": 1.2608864413704841,
        "1": 1.0349955482847373,
        "2": 0.9204821324652168,
        "3": 0.847425262639477,
        "4": 0.7836410012214806,
        "5": 0.7289932203140987,
        "6": 0.6820269143505461,
        "7": 0.6401007012197166,
        "8": 0.6015682808912484,
        "9": 0.564754348461795,
        "10": 0.5290157174228862,
        "11": 0.4968652349368782,
        "12": 0.4718433901382859,
        "13": 0.44457293164198564,
        "14": 0.41957961184204007,
        "15": 0.39975333650400685,
        "16": 0.3761444611913839,
        "17": 0.35256700398056373,
        "18": 0.3321276984776661,
        "19": 0.3097787015377336,
        "20": 0.28242505147198965,
        "21": 0.2196712213906513,
        "22": 0.1080171772439009,
        "23": 0.056333205633007796,
        "24": 0.03346845896167171,
        "25": 0.024663534762847956,
        "26": 0.019040143209254477,
        "27": 0.01610161923168666,
        "28": 0.014159620568974856,
        "29": 0.012793964601068455,
        "30": 0.011349008821995016,
        "31": 0.010391395527181352,
        "32": 0.009544705886061594,
        "33": 0.008884483071898295,
        "34": 0.008045279211809586,
        "35": 0.007390901891983286,
        "36": 0.006698838234908736,
        "37": 0.006091113320913664,
        "38": 0.00567275438098842,
        "39": 0.005433212441487155,
        "40": 0.004885362162756004,
        "41": 0.004434171035236258,
        "42": 0.004067519529141296,
        "43": 0.003678164882718876,
        "44": 0.0033406113151306653,
        "45": 0.003221488974849059,
        "46": 0.0028295964610638323,
        "47": 0.002698354650315514,
        "48": 0.0024316936978257624,
        "49": 0.0023174664438672505
    },
    "valid_smiles_percentage": {
        "0": 0.7122,
        "1": 0.0,
        "2": 0.0106,
        "3": 0.1418,
        "4": 0.0224,
        "5": 0.1442,
        "6": 0.1472,
        "7": 0.173,
        "8": 0.1948,
        "9": 0.1448,
        "10": 0.1026,
        "11": 0.055,
        "12": 0.0384,
        "13": 0.035,
        "14": 0.0382,
        "15": 0.0392,
        "16": 0.0572,
        "17": 0.0462,
        "18": 0.0476,
        "19": 0.0408,
        "20": 0.0408,
        "21": 0.1164,
        "22": 0.5126,
        "23": 0.7394,
        "24": 0.8128,
        "25": 0.8446,
        "26": 0.8926,
        "27": 0.9134,
        "28": 0.9214,
        "29": 0.9252,
        "30": 0.9308,
        "31": 0.9404,
        "32": 0.9526,
        "33": 0.9572,
        "34": 0.9642,
        "35": 0.9672,
        "36": 0.9706,
        "37": 0.9714,
        "38": 0.9738,
        "39": 0.9782,
        "40": 0.9824,
        "41": 0.982,
        "42": 0.9834,
        "43": 0.985,
        "44": 0.987,
        "45": 0.9852,
        "46": 0.9888,
        "47": 0.989,
        "48": 0.9904,
        "49": 0.9902
    },
    "tanimoto_similarity": {
        "0": 0.17924048916216637,
        "1": 0.0,
        "2": 0.27210400609222535,
        "3": 0.37065487792300317,
        "4": 0.3751533125000326,
        "5": 0.5258578062433654,
        "6": 0.5260228069339781,
        "7": 0.5158081174796099,
        "8": 0.5019359602751291,
        "9": 0.4946892311179831,
        "10": 0.4758331526171569,
        "11": 0.46046760198885794,
        "12": 0.46367258084306257,
        "13": 0.41704898335089274,
        "14": 0.456781874152411,
        "15": 0.5009496639640503,
        "16": 0.5675349238150692,
        "17": 0.6129583687637111,
        "18": 0.6440941543264393,
        "19": 0.6948768258580246,
        "20": 0.7484223676812823,
        "21": 0.8570509337549519,
        "22": 0.9655710114476771,
        "23": 0.9828244467857326,
        "24": 0.9886034454876865,
        "25": 0.9913084009009928,
        "26": 0.9923378868723473,
        "27": 0.9933296966795387,
        "28": 0.9942589197895169,
        "29": 0.9940437585983575,
        "30": 0.9953893972755379,
        "31": 0.9969212634580137,
        "32": 0.9970535517407957,
        "33": 0.9966731745757428,
        "34": 0.9964652775799849,
        "35": 0.9968307855248277,
        "36": 0.9969473494767538,
        "37": 0.9971078402423289,
        "38": 0.9973734213988571,
        "39": 0.9971032951661329,
        "40": 0.9969549238401092,
        "41": 0.9973579148727024,
        "42": 0.9972870183045675,
        "43": 0.9973170611280401,
        "44": 0.9973021825636008,
        "45": 0.9974782518762841,
        "46": 0.9974632657768074,